{
  "articles": [
    {
      "author": "United-States",
      "content": "Lorem, ipsum dolor sit amet consectetur adipisicing elit. Sapiente doloribus vel sunt laborum eos enim odit maxime corporis vero nihil voluptatum a, ullam delectus ad sit. Odit quis adipisci illo sit porro recusandae? Sequi, dol orum repellendus doloremque qui tempora beatae.",
      "date": 1626881122222,
      "id": 2
    },
    {
      "author": "Germany",
      "content": "Lorem, ipsum dolor sit amet consectetur adipisicing elit. Sapiente doloribus vel sunt laborum eos enim odit maxime corporis vero nihil voluptatum a, ullam delectus ad sit. Odit quis adipisci illo sit porro recusandae? Sequi, dol orum repellendus doloremque qui tempora beatae.",
      "date": 16268811333,
      "id": 3
    },
    {
      "author": "Oceanie",
      "content": "Lorem, ipsum dolor sit amet consectetur adipisicing elit. Sapiente doloribus vel sunt laborum eos enim odit maxime corporis vero nihil voluptatum a, ullam delectus ad sit. Odit quis adipisci illo sit porro recusandae? Sequi, dol orum repellendus doloremque qui tempora beatae.",
      "date": 16268811145,
      "id": 4
    },
    {
      "author": "Congo",
      "content": "Lorem, ipsum dolor sit amet consectetur adipisicing elit. Sapiente doloribus vel sunt laborum eos enim odit maxime corporis vero nihil voluptatum a, ullam delectus ad sit. Odit quis adipisci illo sit porro recusandae? Sequi, dol orum repellendus doloremque qui tempora beatae.\n\n",
      "date": 1714655951570,
      "id": 5
    },
    {
      "author": "Somalie",
      "content": "defLorem, ipsum dolor sit amet consectetur adipisicing elit. Sapiente doloribus vel sunt laborum eos enim odit maxime corporis vero nihil voluptatum a, ullam delectus ad sit. Odit quis adipisci illo sit porro recusandae? Sequi, dol orum repellendus doloremque qui tempora beatae.\n\n",
      "date": 1714657091699,
      "id": 6
    }
  ]
}